標題,是否免費,價格,活動日期,圖片網址,活動連結
台北 | 鐵達尼號電影音樂會2025台北場｜台北流行音樂中心,付費,HK$ 216,6月8日(週日),"https://res.klook.com/image/upload/x_0,y_66,w_1322,h_1851,c_crop/v1744360159/events_admin/h8cuvz1xbe1hlkdshuys.jpg",https://www.klook.com/zh-TW/event-detail/101029270-2025-titanic-concert-taipei/
台中 | 鐵達尼號電影音樂會2025台中場｜台中歌劇院,付費,HK$ 240,6月3日(週二) - 6月4日(週三),"https://res.klook.com/image/upload/x_0,y_66,w_1322,h_1851,c_crop/v1744358831/events_admin/kyuti0ajijz3llbg3wmj.jpg",https://www.klook.com/zh-TW/event-detail/101029268-2025-titanic-concert-taichung/
高雄 | 鐵達尼號電影音樂會2025｜高雄場｜衛武營,付費,HK$ 240,5月31日(週六) - 6月1日(週日),"https://res.klook.com/image/upload/x_0,y_66,w_1322,h_1851,c_crop/v1744356444/events_admin/v6eibp8rhc8ptkiiepeh.jpg",https://www.klook.com/zh-TW/event-detail/101029266-2025-titanic-concert-kaohsiung/
台北 | &TEAM演唱會2025台北站｜2025 &TEAM CONCERT TOUR ‘AWAKEN THE BLOODLINE’ in TAIPEI｜南港展覽館,付費,HK$ 695,6月20日(週五),"https://res.klook.com/image/upload/x_0,y_10,w_1400,h_1960,c_crop/v1744345972/events_admin/jphytlpkwzqfdrhh69sq.jpg",https://www.klook.com/zh-TW/event-detail/101029264-2025-andteam-concert-taipei/
台北 | 朱智勛見面會2025台北站｜2025 JU JI HOON Asia Tour Fanmeeting ‘JUNIVERSE’ in TAIPEI｜台大綜合體育館,付費,HK$ 815,5月17日(週六),"https://res.klook.com/image/upload/x_0,y_10,w_1414,h_1980,c_crop/v1744344539/events_admin/koaqoyowifps5cx7v3a9.jpg",https://www.klook.com/zh-TW/event-detail/101029262-2025-ju-ji-hoon-fanmeet-taipei/
台北 | 姜大浩Gaho台北演唱會2025｜GAHO 2025 Live in Taipei w/ KAVE｜Legacy Taipei,付費,HK$ 599,8月17日(週日),"https://res.klook.com/image/upload/x_0,y_8,w_1192,h_1669,c_crop/v1744341618/events_admin/fksdqc7fpv8bqxqqzqsq.jpg",https://www.klook.com/zh-TW/event-detail/101029259-2025-gaho-kave-live-in-taipei/
台北 | Tizzy Bac演唱會2025台北站｜Tizzy Bac 《 說出我的名字 》巡迴演唱會台北站｜Legacy Taipei,付費,HK$ 311,5月16日(週五),"https://res.klook.com/image/upload/x_0,y_2,w_326,h_456,c_crop/v1744282240/events_admin/os55dvpebtf68ktqyo9h.jpg",https://www.klook.com/zh-TW/event-detail/101029257-2025-tizzy-bac-concert-taipei/
台北 | Balming Tiger演唱會2025台北站｜Balming Tiger World Expo '25 Tour｜Legacy Taipei,付費,HK$ 479,7月19日(週六),"https://res.klook.com/image/upload/x_54,y_0,w_893,h_1250,c_crop/v1744278137/events_admin/znlznecmwqbt9sbodtyd.jpg",https://www.klook.com/zh-TW/event-detail/101029255-2025-balming-tiger-taipei/
台北 | Tokyo Ska Paradise Orchestra台北專場｜TOKYO SKA PARADISE ORCHESTRA First Concert in Taipei｜Legacy Taipei,付費,HK$ 479,10月10日(週五),"https://res.klook.com/image/upload/x_0,y_10,w_1448,h_2027,c_crop/v1744276324/events_admin/h4saprf2asc7hvlue8vt.jpg",https://www.klook.com/zh-TW/event-detail/101029254-2025-tokyo-ska-paradise/
台中 | 《嬉春》Blissful Moments of Spring,免費,免費,4月19日(週六) - 5月17日(週六),"https://res.klook.com/image/upload/x_0,y_2,w_326,h_456,c_crop/v1744268929/events_admin/w4hehajiarywb3ftmfvu.jpg",https://www.klook.com/zh-TW/event-detail/101029249-2025-blissfulmoments-of-spring/
新北 | 【WEIRDO 奇怪耶你！！！】周純卉​​​​​​​陶瓷雕塑個展,免費,免費,5月1日(週四) - 6月29日(週日),"https://res.klook.com/image/upload/x_0,y_13,w_1721,h_2409,c_crop/v1744267004/events_admin/mhcuoiyljksrrdxiobzr.jpg",https://www.klook.com/zh-TW/event-detail/101029247-2025-weirdo-ceramic-exhibition/
台北 | 涉水而渡 Contested Waters,免費,免費,4月26日(週六) - 6月22日(週日),"https://res.klook.com/image/upload/x_171,y_0,w_857,h_1200,c_crop/v1744254372/events_admin/layjefhjfiu2xcaqktpw.jpg",https://www.klook.com/zh-TW/event-detail/101029243-2025-contested-waters/
"台北 | 新動市集_景新情深【4.12-13, 5.3-4】",免費,免費,4月12日(週六) - 5月4日(週日),"https://res.klook.com/image/upload/x_0,y_18,w_1236,h_1730,c_crop/v1744185761/events_admin/khwgn7cypndxdgvw4qsj.jpg",https://www.klook.com/zh-TW/event-detail/101029241-2025-new-active-market-taipei/
台北 | Makitvaivi 布可思議 — 原音全境式沉浸互動演唱會,付費,HK$ 163,5月25日(週日),https://res.klook.com/image/upload/主視覺_直式_jkdq5e.png,https://www.klook.com/zh-TW/activity/151905-makitvaivi-immersive-full-surround-interactive-concert/
高雄 | 史汀STING演唱會2025高雄站｜STING 3.0世界巡迴｜高雄流行音樂中心,付費,HK$ 671,9月27日(週六),"https://res.klook.com/image/upload/x_8,y_0,w_1458,h_2041,c_crop/v1744174693/events_admin/qar949xrhmgzzutsxqrj.jpg",https://www.klook.com/zh-TW/event-detail/101029238-2025-sting-taipei-concert/
新北 | Travis Japan演唱會2025台北站｜Travis Japan World Tour 2025 VIIsual｜Zepp New Taipei,付費,HK$ 671,9月6日(週六) - 9月7日(週日),"https://res.klook.com/image/upload/x_0,y_2,w_326,h_456,c_crop/v1744167676/events_admin/iuawb06hok6wfzywztoj.jpg",https://www.klook.com/zh-TW/event-detail/101029235-2025-travis-japan-taipei/
台北 | 精神時光屋｜游智涵創作個展,免費,免費,4月15日(週二) - 6月1日(週日),"https://res.klook.com/image/upload/x_703,y_0,w_642,h_899,c_crop/v1744110883/events_admin/srvmlcla5kpbpbbprs0h.jpg",https://www.klook.com/zh-TW/event-detail/101029233-2025-room-of-spirit-and-time/
台北 | The Butters 奶油家族華山水果攤快閃店｜華山文創,免費,免費,4月3日(週四) - 6月2日(週一),"https://res.klook.com/image/upload/x_2969,y_0,w_4227,h_5918,c_crop/v1744086627/events_admin/quuj66wwvuc2wtlf1c8c.jpg",https://www.klook.com/zh-TW/event-detail/101029215-2025-the-butters-pop-up/
台南市 | 《鬼滅之刃》動畫音樂會-台南場｜臺南文化中心,付費,HK$ 287,6月7日(週六),"https://res.klook.com/image/upload/x_88,y_0,w_1463,h_2048,c_crop/v1744021735/events_admin/pmbtifo3djfsqz3p4cjv.jpg",https://www.klook.com/zh-TW/event-detail/101029212-2025-demon-slayer-in-concert/
台北 | 《鬼滅之刃》動畫音樂會-台北場｜國家兩廳院,付費,HK$ 479,6月6日(週五) - 6月7日(週六),"https://res.klook.com/image/upload/x_88,y_0,w_1463,h_2048,c_crop/v1744021175/events_admin/gnhvt6efemiceeqjyebj.jpg",https://www.klook.com/zh-TW/event-detail/101029211-2025-demon-slayer-in-concert/
台北 | 綠黃色社會台北演唱會2025｜Ryokuoushoku Shakai ASIA TOUR 2025-TAIPEI,付費,價格待公布,10月18日(週六) - 10月19日(週日),"https://res.klook.com/image/upload/x_58,y_0,w_959,h_1343,c_crop/v1744018143/events_admin/q1rfc4ivfsi8kbzhs0ef.jpg",https://www.klook.com/zh-TW/event-detail/101029205-2025-ryokuoushoku-shakai/
台北 | Jocelyn 9.4.0《baby i’m so blue》演唱會｜Legacy Taipei,付費,HK$ 307,6月7日(週六),"https://res.klook.com/image/upload/x_64,y_0,w_1071,h_1500,c_crop/v1744016693/events_admin/vhdqeaurdsuuiueb8edh.jpg",https://www.klook.com/zh-TW/event-detail/101029202-2025-jocelyn-concert-taipei/
台北 | BIBI台北演唱會2025｜2025 BIBI 1st WORLD TOUR [EVE] IN TAIPEI,付費,價格待公布,10月4日(週六),"https://res.klook.com/image/upload/x_0,y_69,w_1365,h_1911,c_crop/v1744015551/events_admin/opvqwxeuclmfswqc6y7c.jpg",https://www.klook.com/zh-TW/event-detail/101029201-2025-bibi-concert-taipei/
台北 | 霓虹綠洲音樂祭 Neon Oasis Fest. '25｜華中露營場,付費,HK$ 479,4月19日(週六) - 4月20日(週日),"https://res.klook.com/image/upload/x_120,y_0,w_2009,h_2813,c_crop/v1744013586/events_admin/etrtek6lisialrosymqb.jpg",https://www.klook.com/zh-TW/event-detail/101029199-2025-neon-oasis-fest/
台中 | 2025兒童夜訪歌劇院【5月、6月】,付費,HK$ 156,5月16日(週五) - 6月13日(週五),"https://res.klook.com/image/upload/x_0,y_2,w_326,h_456,c_crop/v1743923085/events_admin/fn2mj1kur8o0fbiknhzc.jpg",https://www.klook.com/zh-TW/event-detail/101029187-2025-ntt-children-event/
台南市 | 迴聲之形－想像聲響作為隱喻的路徑｜暮拉多元藝術空間｜台南展覽,免費,免費,2月25日(週二) - 4月27日(週日),"https://res.klook.com/image/upload/x_0,y_2,w_326,h_456,c_crop/v1739962695/events_admin/nhng7x8p93hsnlxvpi8c.jpg",https://www.klook.com/zh-TW/event-detail/101028669-2025-retentir-exhibition/
台北 | 惠利見面會2025台北站｜2025 HYERI FANMEETING TOUR <Welcome to HYERI’s STUDIO> IN TAIPEI｜台北國際會議中心,付費,價格待公布,7月5日(週六),"https://res.klook.com/image/upload/x_58,y_0,w_964,h_1350,c_crop/v1744007981/events_admin/cy1gelsymtb0qe4co2lf.jpg",https://www.klook.com/zh-TW/event-detail/101029192-2025-hyeri-fanmeeting-taipei/
台南市 | 雅與澀的鑿刻—任俊穎金工首飾與雕塑展,付費,HK$ 12,4月20日(週日) - 5月18日(週日),"https://res.klook.com/image/upload/x_183,y_0,w_914,h_1280,c_crop/v1743925281/events_admin/dq73ahueiwuo0kcs9qeo.jpg",https://www.klook.com/zh-TW/event-detail/101029188-2025-ren-junying-exhibition/
台北 | 愛情城市 Love and the City｜台北沉浸式體驗｜驚喜製造,付費,HK$ 527,4月17日(週四) - 5月29日(週四),https://res.klook.com/image/upload/20250324_愛情城市_Klook_展演頁面活動首圖_1_aq8mzp.jpg,https://www.klook.com/zh-TW/activity/151896-love-and-the-city-surprise-lab/
台北 | PARK2「Black Love 黑色情人節」｜SILENT PARTY無聲耳機派對 x 星空電影院,免費,免費,4月12日(週六) - 4月14日(週一),"https://res.klook.com/image/upload/x_0,y_25,w_3508,h_4911,c_crop/v1743563771/events_admin/wirak1ueazgq78oophdn.jpg",https://www.klook.com/zh-TW/event-detail/101029158-2025-park2-black-love-party/
新北 | PINOCCHIOP演唱會2025台北站｜2025 PINOCCHIOP ASIA TOUR 'COMET' IN TAIPEI｜Zepp New Taipei,付費,HK$ 479,5月17日(週六),"https://res.klook.com/image/upload/x_0,y_2,w_326,h_456,c_crop/v1743561861/events_admin/j6dkkildp5v1ajw86xz2.jpg",https://www.klook.com/zh-TW/event-detail/101029160-2025-pinocchiop-concert-taipei/
台北 | 莫內花園秘境｜MITSUI OUTLET PARK 林口店,免費,免費,3月25日(週二) - 5月25日(週日),"https://res.klook.com/image/upload/x_430,y_0,w_1430,h_2002,c_crop/v1743499316/events_admin/zy89dbl9ituohsr41pyw.jpg",https://www.klook.com/zh-TW/event-detail/101029152-2025-mitsui-outlet-linkou/
新北 | EXILE首場台北粉絲見面會「EXILE 1st FAN MEETING IN TAIPEI」｜Zepp New Taipei,付費,HK$ 474,6月14日(週六),"https://res.klook.com/image/upload/x_0,y_5,w_1456,h_2038,c_crop/v1743496932/events_admin/uoiunfuysi5gotxh60eo.jpg",https://www.klook.com/zh-TW/event-detail/101029148-2025-exile-fan-meeting-taipei/
台北 | 夏賢尚粉絲演唱會2025台北站｜2025 HA HYUN SANG FAN CONCERT <FINE DAY WITH HYUN SANG> IN TAIPEI｜Legacy MAX,付費,HK$ 671,5月17日(週六),"https://res.klook.com/image/upload/x_88,y_0,w_1463,h_2048,c_crop/v1743495511/events_admin/tyvvdhe3p5i3ztr56afb.jpg",https://www.klook.com/zh-TW/event-detail/101029146-2025-ha-hyun-sang-fan-con/
台北 | 「曼迪春日動漫派對」動漫祭｜新光三越信義新天地,免費,免費,4月2日(週三) - 4月29日(週二),"https://res.klook.com/image/upload/x_7,y_0,w_1643,h_2300,c_crop/v1743494392/events_admin/r2yjfcssz2ialnu527zb.jpg",https://www.klook.com/zh-TW/event-detail/101029143-2025-anime-pop-up-festival/
台北 | 《WIND BREAKER防風少年》快閃店｜松山文創園區｜松菸,免費,免費,4月11日(週五) - 6月8日(週日),"https://res.klook.com/image/upload/x_0,y_18,w_2480,h_3472,c_crop/v1743492923/events_admin/j4xt4rvii6f0zqr4wzsc.jpg",https://www.klook.com/zh-TW/event-detail/101029142-2025-wind-breaker-popup-taipei/
台北 | 麵包超人快閃派對｜士林科教館,免費,免費,3月22日(週六) - 5月11日(週日),"https://res.klook.com/image/upload/x_0,y_2,w_326,h_456,c_crop/v1743492001/events_admin/gkfcxvt4bqxeuu64qv03.jpg",https://www.klook.com/zh-TW/event-detail/101029140-2205-anpanman-pop-up/
台北 | FEniX演唱會2025｜FEniX《MBB》2025 LIVE CONCERT｜台北國際會議中心 TICC,付費,HK$ 211,5月17日(週六),"https://res.klook.com/image/upload/x_64,y_0,w_1071,h_1500,c_crop/v1743490822/events_admin/wv49j0o824tolwxzsecf.jpg",https://www.klook.com/zh-TW/event-detail/101029139-2025-fenix-live-concert-taipei/
台北 | 溫柔羽翼・溫暖市集,免費,免費,5月17日(週六) - 5月18日(週日),"https://res.klook.com/image/upload/x_641,y_0,w_766,h_1072,c_crop/v1743417360/events_admin/ofkncuhdmarbcjbykqij.jpg",https://www.klook.com/zh-TW/event-detail/101029132-2025-taipei-weekend-market/
台北 | 2025 Bon Pain 台北麵包祭｜有趣市集｜圓山花博,免費,免費,4月19日(週六) - 4月20日(週日),"https://res.klook.com/image/upload/x_1013,y_0,w_718,h_1005,c_crop/v1743415743/events_admin/gpr2hq8fhalhpcqprysm.jpg",https://www.klook.com/zh-TW/event-detail/101029130-2025-bon-pain-festival/
台北 | 石頭書 The Book of Stone｜郭志宏個展,免費,免費,3月29日(週六) - 4月26日(週六),"https://res.klook.com/image/upload/x_0,y_2,w_326,h_456,c_crop/v1743408723/events_admin/nanvppgleqyavz0rtln9.jpg",https://www.klook.com/zh-TW/event-detail/101029123-2025-the-book-of-stone/
新北 | Jay Park演唱會2025台北站｜2025 Jay Park World Tour [Serenades & Body Rolls] in Taipei｜Zepp New Taipei,付費,HK$ 671,6月19日(週四),"https://res.klook.com/image/upload/x_58,y_0,w_964,h_1350,c_crop/v1743998489/events_admin/pjfjoooovkxv2hcjq5ny.jpg",https://www.klook.com/zh-TW/event-detail/101029122-2025-jay-park-concert-taipei/
台北 | 五月天大巨蛋演唱會2025｜玉山銀行冠名贊助 MAYDAY #5525 LIVE TOUR 五月天 [ 回到那一天 ] 25週年巡迴演唱會台北站．大巨蛋首唱版｜台北大巨蛋,付費,價格待公布,6月27日(週五) - 7月12日(週六),"https://res.klook.com/image/upload/x_58,y_0,w_964,h_1350,c_crop/v1743396487/events_admin/w01awfgfu26czp0gfu4r.jpg",https://www.klook.com/zh-TW/event-detail/101029120-2025-mayday-taipei-dome-concer/
台中 | 2025台灣連鎖加盟創業大展-加盟創業講堂(台中場),免費,免費,4月11日(週五) - 4月14日(週一),"https://res.klook.com/image/upload/x_0,y_2,w_326,h_456,c_crop/v1743060851/events_admin/snilm7zte0shzyjxqz8a.jpg",https://www.klook.com/zh-TW/event-detail/101029101-2025-chainfranchise-expo/
台北 | 觀察之樹家具—家具，家庭的一份子 2025 @ 新芳春,免費,免費,4月9日(週三) - 5月11日(週日),"https://res.klook.com/image/upload/x_73,y_0,w_1216,h_1702,c_crop/v1743082798/events_admin/jwldf5gwzz9fcirk3dyq.jpg",https://www.klook.com/zh-TW/event-detail/101029112-2025-furniture-exhibition/
台北 |  2025台灣國際建築‧建材‧廚具空間設計展-趨勢論壇,免費,免費,4月25日(週五) - 4月28日(週一),"https://res.klook.com/image/upload/x_0,y_2,w_326,h_456,c_crop/v1743062545/events_admin/myeskgonq2nqfvcyhiy9.jpg",https://www.klook.com/zh-TW/event-detail/101029108-2025-tw-archi-design-expo/
新竹 | 《恆綻》盧卡斯・佛利亞首度亞洲個展,免費,免費,4月12日(週六) - 6月14日(週六),"https://res.klook.com/image/upload/x_0,y_2,w_326,h_456,c_crop/v1743044906/events_admin/yuwyswlspoaby67vjljt.jpg",https://www.klook.com/zh-TW/event-detail/101029094-2025-lucas-foglia-exhibition/
台北 | 2025城西夏樂慶｜厝邊頭尾．歡喜鬧熱,免費,免費,4月3日(週四) - 4月20日(週日),"https://res.klook.com/image/upload/x_0,y_13,w_1684,h_2358,c_crop/v1742952305/events_admin/lqzsflfxvlwoyyts5ej9.jpg",https://www.klook.com/zh-TW/event-detail/101029075-2025-bopiliao-festival/
台中 |  2025《小朋友的歌劇院探索—綠色篇》,付費,HK$ 84,4月26日(週六) - 4月27日(週日),"https://res.klook.com/image/upload/x_38,y_0,w_554,h_775,c_crop/v1742892324/events_admin/teq8yhjecrnzwnmsouhw.jpg",https://www.klook.com/zh-TW/event-detail/101029066-2025-ntt-family-event/
台北 | 三秦公孫 乙巳張克晉書畫展,免費,免費,4月1日(週二) - 4月15日(週二),"https://res.klook.com/image/upload/x_322,y_0,w_328,h_459,c_crop/v1743146386/events_admin/rlrbmngbe4v72ypexsrx.jpg",https://www.klook.com/zh-TW/event-detail/101029113-2025-taipei-exhibition/
台北 | 《2025 敢洩祭》,付費,HK$ 208,5月3日(週六),"https://res.klook.com/image/upload/x_0,y_8,w_1358,h_1901,c_crop/v1743060301/events_admin/robtuq6nzu9djxy0nvlz.jpg",https://www.klook.com/zh-TW/event-detail/102000471-colaresearchclub/
"台北 | 朴信惠見面會2025台北站｜2025 PARK SHIN HYE ASIA TOUR IN TAIPEI <HYE, TALK> ",付費,HK$ 1049,5月3日(週六),"https://res.klook.com/image/upload/x_0,y_4,w_843,h_1180,c_crop/v1743062881/events_admin/trmicondvgscpwxquvr1.jpg",https://www.klook.com/zh-TW/event-detail/101029109-2025-park-shin-hye-taipei/
台北 | 2025 台北當代藝術博覽會,付費,HK$ 84,4月14日(週一) - 5月11日(週日),https://res.klook.com/image/upload/TAIPEI_DANGDAI_banner-w326xh460px_yj7zsq.jpg,https://www.klook.com/zh-TW/activity/149377-2025-taipei-dangdai-art-ideas/
高雄 | 伍佰演唱會2025高雄站｜國泰世華銀行 伍佰 & China Blue Rock Star2演唱會-高雄站｜高雄巨蛋,付費,價格待公布,11月22日(週六) - 11月23日(週日),"https://res.klook.com/image/upload/x_0,y_12,w_1587,h_2222,c_crop/v1742801669/events_admin/ccftsujmgncqedli1yzt.jpg",https://www.klook.com/zh-TW/event-detail/101029044-2025-wubai-kaohsiung-concert/
台北 | STAYC演唱會2025台北站｜2025 STAYC TOUR [STAY TUNED] in TAIPEI｜台北國際會議中心 TICC,付費,HK$ 671,8月23日(週六),"https://res.klook.com/image/upload/x_5,y_0,w_834,h_1167,c_crop/v1742799536/events_admin/eulnzvia8rgzs9i8nzky.jpg",https://www.klook.com/zh-TW/event-detail/101029042-2025-stayc-taipei-concert/
高雄 | 日常之歌,付費,價格待公布,2024年4月25日(週四) - 2025年4月27日(週日),"https://res.klook.com/image/upload/x_81,y_0,w_429,h_600,c_crop/v1742628789/events_admin/squvhaq2th3g9x6byht9.jpg",https://www.klook.com/zh-TW/event-detail/101029037-2025-sinpinpier-show/
高雄 | 吾之萬象—宇化萬千    李哲儀個展,免費,免費,4月19日(週六) - 5月11日(週日),"https://res.klook.com/image/upload/x_0,y_45,w_2024,h_2834,c_crop/v1742542993/events_admin/si07hptmng1nvnzmae1i.jpg",https://www.klook.com/zh-TW/event-detail/101029030-2025-kaohsiung-exhibition/
台北 | 七龍珠音樂冒險盛會｜台北流行音樂中心,付費,HK$ 431,5月10日(週六),"https://res.klook.com/image/upload/x_0,y_2,w_326,h_456,c_crop/v1742551835/events_admin/fklji0zhfsesiiakmvb3.jpg",https://www.klook.com/zh-TW/event-detail/101029027-2025-dragonball-concert/
台中 | WH.LAND 心意市集,免費,免費,5月1日(週四) - 5月4日(週日),"https://res.klook.com/image/upload/x_0,y_18,w_2480,h_3472,c_crop/v1742453523/events_admin/ru0pebpdzjm1wvqsxfzg.jpg",https://www.klook.com/zh-TW/event-detail/101029020-2025-wh-land-market/
台北 | 《日子在說話》張文菀個展 〈The Days Speak〉- Cheng Wen Woan Solo Exhibition,免費,免費,3月28日(週五) - 5月10日(週六),"https://res.klook.com/image/upload/x_0,y_142,w_992,h_1389,c_crop/v1742363380/events_admin/rmxraclqdipvtsg85t5n.jpg",https://www.klook.com/zh-TW/event-detail/101028997-2025-the-days-speak/
新北 | 【所在 - 物件離合】許旭倫陶藝創作展,免費,免費,4月4日(週五) - 5月26日(週一),"https://res.klook.com/image/upload/x_0,y_240,w_2756,h_3858,c_crop/v1742263091/events_admin/o2y6rpzlp1yyqwlrvq5b.jpg",https://www.klook.com/zh-TW/event-detail/101028963-2025-presence-exhibition/
台北 | 優里演唱會2025台北站｜YUURI ASIA TOUR 2025 in TAIPEI｜台北小巨蛋,付費,價格待公布,10月11日(週六) - 10月12日(週日),"https://res.klook.com/image/upload/x_0,y_11,w_1447,h_2026,c_crop/v1742281059/events_admin/vokdfxhtjkw1cwlvkpgf.jpg",https://www.klook.com/zh-TW/event-detail/101028977-2025-yuuri-taipei-concert/
台北 | 中華職棒36年 2025味全龍主場賽事｜天母棒球場・大巨蛋球場,付費,HK$ 60,4月15日(週二) - 6月22日(週日),https://res.klook.com/image/upload/2025味全龍主視覺_直式_cmcjgh.jpg,https://www.klook.com/zh-TW/activity/147143-2025-weichuan-dragons-baseball-game/
台北 | 從印象派到現代主義─美國大都會博物館名作展,付費,HK$ 96,4月14日(週一) - 6月13日(週五),https://res.klook.com/image/upload/1_klook早鳥票_326x460_zqtmlq.jpg,https://www.klook.com/zh-TW/activity/149320-from-impressionism-to-modernism-masterpieces-from-the-metropolitan-museum-of-art-exhibition-ticket/
台北 | Verknipt Taiwan 2025,付費,HK$ 574,5月9日(週五),https://res.klook.com/image/upload/326x460_1_yu8qyo.png,https://www.klook.com/zh-TW/activity/149342-verknipt-taiwan-2025/
台北 | 《暮光之城》電影音樂會 Twilight In Concert｜國家兩廳院,付費,HK$ 431,6月28日(週六) - 6月29日(週日),"https://res.klook.com/image/upload/x_0,y_2,w_326,h_456,c_crop/v1742376391/events_admin/cp3udxghxs1xwp000u4j.jpg",https://www.klook.com/zh-TW/event-detail/101029008-2025-twilight-in-concert/
台北 | 快意生活節｜市集,免費,免費,4月26日(週六) - 4月27日(週日),"https://res.klook.com/image/upload/x_641,y_0,w_766,h_1072,c_crop/v1742370754/events_admin/j5ac2zejc7whhaztp3dk.jpg",https://www.klook.com/zh-TW/event-detail/101029004-2025-weekend-bazzar/
台北 | 親子日和派對市集｜愛手創 x 美麗華｜母親節2025,免費,免費,4月19日(週六) - 5月11日(週日),"https://res.klook.com/image/upload/x_0,y_0,w_5001,h_7001,c_crop/v1742369817/events_admin/et1ovejfllgper9n3a6n.jpg",https://www.klook.com/zh-TW/event-detail/101029003-2025-date-with-mom-bazzar/
高雄 | LANY高雄演唱會2025｜LANY - a beautiful blur: the world tour｜高雄流行音樂中心,付費,HK$ 431,6月1日(週日),"https://res.klook.com/image/upload/x_8,y_0,w_1458,h_2041,c_crop/v1742368876/events_admin/i2tgaucqzh7dlvc1mnyh.jpg",https://www.klook.com/zh-TW/event-detail/101028999-2025-lany-kaohsiung-concert/
桃園 | 陶異星漫遊｜陶趣生活市集｜中原文創園區,免費,免費,3月29日(週六) - 5月11日(週日),"https://res.klook.com/image/upload/x_0,y_0,w_5001,h_7001,c_crop/v1742284034/events_admin/cysjz3uvpjwuswhwsajl.jpg",https://www.klook.com/zh-TW/event-detail/101028981-2025-taoyuan-weekend-market/
台北 | SKY-NANI台北見面會2025｜SKY-NANI 1ST FANMEETING IN TAIPEI｜Legacy TERA,付費,HK$ 767,5月4日(週日),"https://res.klook.com/image/upload/x_0,y_67,w_1415,h_1981,c_crop/v1742280306/events_admin/c7ena9iqs4xaq4sxw6ds.jpg",https://www.klook.com/zh-TW/event-detail/101028975-2025-sky-nani-taipei-fanmeet/
台北 | 彭佳慧台北演唱會2025｜彭佳慧 2025「一路這樣愛過來」演唱會｜台北小巨蛋,付費,HK$ 192,6月7日(週六),"https://res.klook.com/image/upload/x_0,y_2,w_326,h_456,c_crop/v1742279193/events_admin/tkhcrdjhfxy3fusn20ga.jpg",https://www.klook.com/zh-TW/event-detail/101028971-2025-julia-peng-taipei-concert/
新竹 | 她．MMXXV如是說｜謝鴻均薪傳展｜新竹市美術館,免費,免費,3月18日(週二) - 5月11日(週日),"https://res.klook.com/image/upload/x_0,y_10,w_1448,h_2027,c_crop/v1742277873/events_admin/stllgiwfy3koatrt2n82.jpg",https://www.klook.com/zh-TW/event-detail/101028969-2025-mmxxv-exhibition/
新竹 | 島嶼幻境：沉浸式動畫｜趙憶憫個展,免費,免費,3月18日(週二) - 4月20日(週日),"https://res.klook.com/image/upload/x_0,y_2,w_326,h_456,c_crop/v1742276993/events_admin/dv8401p6xrvpujydeaur.jpg",https://www.klook.com/zh-TW/event-detail/101028968-2025-chao-i-min-exhibition/
桃園 | ANISAMA WORLD 2025 in TAOYUAN｜動漫歌曲演唱會「Animelo Summer Live」｜桃園會展中心,付費,價格待公布,5月24日(週六),"https://res.klook.com/image/upload/x_0,y_2,w_326,h_456,c_crop/v1742360827/events_admin/krdxlonewdhqtb01gfaf.jpg",https://www.klook.com/zh-TW/event-detail/101028962-2025-anisama-world-taoyuan/
台北 | TAIL台北演唱會2025｜TAIL ASIA TOUR 2025｜Legacy Taipei,付費,HK$ 455,6月28日(週六),"https://res.klook.com/image/upload/x_0,y_15,w_1441,h_2017,c_crop/v1742206797/events_admin/wnullufrj5tgmt0gdbkr.jpg",https://www.klook.com/zh-TW/event-detail/101028960-2025-tail-asia-tour-taipei/
新竹 | 「數位迷蹤」主題展｜新竹241藝術空間,免費,免費,3月18日(週二) - 6月1日(週日),"https://res.klook.com/image/upload/x_0,y_2,w_326,h_456,c_crop/v1742205951/events_admin/dveuhakmclrwav46hvyo.jpg",https://www.klook.com/zh-TW/event-detail/101028959-2025-techno-art-exhibition/
台北 | MoCA Video「檔案重製—林俊耀個展」,免費,免費,2025年3月15日(週六) - 2026年5月4日(週一),"https://res.klook.com/image/upload/x_0,y_8,w_1358,h_1901,c_crop/v1741768636/events_admin/eeoi87lfjimkn5d66kjl.jpg",https://www.klook.com/zh-TW/event-detail/101028897-2025-archiving-the-scene-moca/
高雄 | 2025 怡岑《要到你想逃》音樂喜劇專場 高雄場,付費,HK$ 192,4月19日(週六),"https://res.klook.com/image/upload/x_0,y_7,w_1359,h_1903,c_crop/v1744275970/events_admin/gbpc1ep63jwvoe6upu6f.jpg",https://www.klook.com/zh-TW/event-detail/102000437-andrew-patanie-kaohsiung-2025/
台中 | 2025 怡岑《要到你想逃》音樂喜劇專場 台中場,付費,HK$ 240,5月17日(週六),"https://res.klook.com/image/upload/x_0,y_7,w_1359,h_1903,c_crop/v1744275912/events_admin/n4lb2g5fofynpdokrk7v.jpg",https://www.klook.com/zh-TW/event-detail/102000436-andrew-patanie-taichung-2025/
台北 | 2025 怡岑《要到你想逃》音樂喜劇專場 台北場,付費,HK$ 287,5月30日(週五) - 6月1日(週日),"https://res.klook.com/image/upload/x_0,y_7,w_1359,h_1903,c_crop/v1744275752/events_admin/cekdyvdnr4y5gzlyccrt.jpg",https://www.klook.com/zh-TW/event-detail/102000435-andrew-patanie-taipei-2025/
台北 | 台北展覽｜2025 救援小英雄波力特展,付費,HK$ 36,4月14日(週一) - 6月15日(週日),https://res.klook.com/image/upload/官網_RE2_寬540-高540_ieqph8.jpg,https://www.klook.com/zh-TW/activity/147892-robocar-poli-special-exhibition-2025/
台北 | 西門紅樓沉浸式劇場《西門町一番地》,付費,HK$ 479,7月18日(週五) - 7月27日(週日),https://res.klook.com/image/upload/西門_banner_326x460_lqixrq.jpg,https://www.klook.com/zh-TW/activity/145174-ximen-red-house-immersive-theater/
台北 | 微醺慢時光｜主題市集,免費,免費,4月19日(週六) - 4月20日(週日),"https://res.klook.com/image/upload/x_950,y_0,w_766,h_1072,c_crop/v1741771379/events_admin/g6ywc6hwb2bros1q05s4.jpg",https://www.klook.com/zh-TW/event-detail/101028906-2025-taipei-weekend-market/
台北 | 日本另類搖滾樂團Cö shu Nie首次台灣專場｜Cö shu Nie Live in Taipei｜Breeze MEGA Studio,付費,HK$ 599,5月24日(週六),"https://res.klook.com/image/upload/x_0,y_2,w_326,h_456,c_crop/v1741763574/events_admin/xpcpop8mm8qc0oao1e8a.jpg",https://www.klook.com/zh-TW/event-detail/101028892-2025-co-shu-nie-live-in-taipei/
台北 | 吉伊卡哇壽司主題快閃店｜「超好吃!!Chiikawa壽司」吉伊卡哇華山快閃店｜華山文創,免費,免費,3月22日(週六) - 6月15日(週日),"https://res.klook.com/image/upload/x_0,y_2,w_326,h_456,c_crop/v1741759673/events_admin/uolnnp04lvc1doiojep1.jpg",https://www.klook.com/zh-TW/event-detail/101028886-2025-chiikawa-sushi-popup/
台北 | 莎拉．布萊曼台北演唱會2025｜莎拉．布萊曼《2025星光閃耀演唱會》SARAH BRIGHTMAN “A STARLIGHT SYMPHONY”｜台北流行音樂中心,付費,HK$ 450,7月19日(週六) - 7月20日(週日),"https://res.klook.com/image/upload/x_0,y_4,w_1457,h_2040,c_crop/v1741679675/events_admin/pkttnysztoismde2kyfx.jpg",https://www.klook.com/zh-TW/event-detail/101028879-2025-sarah-brightman-taipei/
台中 | Shift,免費,免費,3月16日(週日) - 4月26日(週六),"https://res.klook.com/image/upload/x_0,y_439,w_4190,h_5866,c_crop/v1741658200/events_admin/dskqys8wug4tgrtsokw7.jpg",https://www.klook.com/zh-TW/event-detail/101028875-2025-shift-group-exhibition/
台南市 | 2025臺南國際音樂節-Trinity金曲之夜-黃瑞豐x鍾興民x亞尼克.巴曼,付費,HK$ 120,4月19日(週六),"https://res.klook.com/image/upload/x_0,y_2,w_326,h_456,c_crop/v1741551470/events_admin/logwyz51z1flk5b7tprb.jpg",https://www.klook.com/zh-TW/event-detail/101028870-2025-trinity-concert/
台北 | 輔大廣告傳播學系第 28 屆畢業展覽《廣告幣ADCOIN：去你的思想中心化》,免費,免費,4月18日(週五) - 4月20日(週日),"https://res.klook.com/image/upload/x_0,y_2,w_326,h_456,c_crop/v1741273644/events_admin/qcywrhkab05j1zlknvef.jpg",https://www.klook.com/zh-TW/event-detail/101028844-2025-fju-adpr-adcoin/
線上 | 2025夕陽小鎮虛擬音樂節《燒胎祭》,付費,HK$ 120,4月19日(週六) - 4月27日(週日),"https://res.klook.com/image/upload/x_0,y_2,w_326,h_456,c_crop/v1741672855/events_admin/nbuzgrwqzua9jn6clfcq.jpg",https://www.klook.com/zh-TW/event-detail/101028877-2025-sunset-town-festival-2/
台中 | “Fly Me to the Moon” 女性藝術家聯展——巴梅莉、許芝綺、劉文瑄、彭禹慈,免費,免費,3月15日(週六) - 5月18日(週日),"https://res.klook.com/image/upload/x_0,y_2,w_326,h_456,c_crop/v1741241856/events_admin/ypgnbfxhbz8kvftefbzc.jpg",https://www.klook.com/zh-TW/event-detail/101028833-2025-fly-me-to-the-moon/
新北 | THE PRIMALS台北演唱會2025｜THE PRIMALS Dark Decades Tour｜Zepp New Taipei,付費,HK$ 671,8月3日(週日),"https://res.klook.com/image/upload/x_0,y_77,w_1408,h_1971,c_crop/v1741318365/events_admin/lvzn3tbkb9poeedvgdee.jpg",https://www.klook.com/zh-TW/event-detail/101028848-2025-theprimals-concert-taipei/
台北 | EXO KAI 演唱會2025台北站｜2025 KAI SOLO CONCERT TOUR <KAION> IN TAIPEI｜台北流行音樂中心,付費,HK$ 910,7月12日(週六),"https://res.klook.com/image/upload/x_58,y_0,w_964,h_1350,c_crop/v1742803153/events_admin/jtuugrab78g84e420qcj.jpg",https://www.klook.com/zh-TW/event-detail/101028838-2025-exo-kai-concert-taipei/
高雄 | 陳奕迅高雄演唱會2025｜陳奕迅 FEAR and DREAMS 世界巡迴演唱會 - 高雄站｜高雄巨蛋,付費,HK$ 192,5月16日(週五) - 5月25日(週日),"https://res.klook.com/image/upload/x_58,y_0,w_964,h_1350,c_crop/v1741764052/events_admin/zuz5fgjezgdnr2vsjzkn.jpg",https://www.klook.com/zh-TW/event-detail/101028834-2025-eason-chan-kaohsiung/
台北 | 黃偉晉演唱會2025｜Welcome to Wayne’s House Party – Fan Concert｜Legacy Taipei,付費,HK$ 307,5月3日(週六),"https://res.klook.com/image/upload/x_0,y_2,w_326,h_456,c_crop/v1741236034/events_admin/z98mjanwoavuphr8n75e.jpg",https://www.klook.com/zh-TW/event-detail/101028832-2025-wayne-house-party/
台北 | 許富凱演唱會2025｜許富凱【拾歌Plus】2025讚聲演唱會｜Legacy Taipei,付費,HK$ 474,5月10日(週六) - 5月11日(週日),"https://res.klook.com/image/upload/x_0,y_2,w_326,h_456,c_crop/v1741232666/events_admin/jhmqz9eyxqqr2u7mp1x1.jpg",https://www.klook.com/zh-TW/event-detail/101028826-2025-henry-hsu-concert/
新北 | 溫蒂漫步 Wendy Wander 2025 Tour “Midnight Wandering 午夜漫遊” Encore Party｜Zepp New Taipei,付費,HK$ 287,6月7日(週六),"https://res.klook.com/image/upload/x_0,y_2,w_326,h_456,c_crop/v1741229434/events_admin/xvjg68wuwlwqxcadqjt0.jpg",https://www.klook.com/zh-TW/event-detail/101028819-2025-wendy-wander-encore-party/
高雄 | 《貓福珊迪》高雄快閃店｜高雄夢時代,免費,免費,3月12日(週三) - 4月21日(週一),"https://res.klook.com/image/upload/x_0,y_18,w_2480,h_3472,c_crop/v1741146024/events_admin/lwncud8fnotrfqktcats.jpg",https://www.klook.com/zh-TW/event-detail/101028797-2025-mofusand-pop-up/
台北 | 《SPY×FAMILY間諜家家酒》主題Café｜三創生活園區,免費,免費,3月7日(週五) - 4月24日(週四),"https://res.klook.com/image/upload/x_0,y_2,w_326,h_456,c_crop/v1741083659/events_admin/zmg5cpkacxlarjnkrrmx.jpg",https://www.klook.com/zh-TW/event-detail/101028796-2025-spy-family-pop-up-cafe/
台北 | 「金馬X威秀聯名影廳」3、4月主題展｜「台灣動畫短片導演」專題｜台北信義威秀影城,付費,價格待公布,3月1日(週六) - 4月30日(週三),"https://res.klook.com/image/upload/x_0,y_2,w_326,h_456,c_crop/v1741062660/events_admin/luw2fbetcgzgnbbcw8un.jpg",https://www.klook.com/zh-TW/event-detail/101028787-2025-tghff-vscinemas-screening/
高雄 | 高雄《加菲貓Garfield》快閃店｜高雄車站,免費,免費,3月7日(週五) - 4月27日(週日),"https://res.klook.com/image/upload/x_0,y_2,w_326,h_456,c_crop/v1741061730/events_admin/ef7ozmufwrkxbacrwzmk.jpg",https://www.klook.com/zh-TW/event-detail/101028786-2025-garfield-kaohsiung-popup/
台北 | 台北《我不是胖虎》快閃店｜誠品生活武昌店｜西門町,免費,免費,3月7日(週五) - 6月1日(週日),"https://res.klook.com/image/upload/x_0,y_2,w_326,h_456,c_crop/v1741061094/events_admin/ij2feaf3f0bo5ffygwtn.jpg",https://www.klook.com/zh-TW/event-detail/101028785-2025-i-am-alexander-pop-up/
新北 | EVNNE台北演唱會2025｜2025 EVNNE CONCERT 'SET N GO' TAIPEI｜Zepp New Taipei,付費,HK$ 786,5月4日(週日),"https://res.klook.com/image/upload/x_0,y_11,w_1447,h_2026,c_crop/v1740998962/events_admin/egjdt9celdixy2pwmbtg.jpg",https://www.klook.com/zh-TW/event-detail/101028782-2025-evnne-taipei-concert/
桃園 | LE SSERAFIM演唱會2025台北站｜2025 LE SSERAFIM TOUR ‘EASY CRAZY HOT’ IN TAIPEI,付費,價格待公布,7月19日(週六),"https://res.klook.com/image/upload/x_0,y_2,w_326,h_456,c_crop/v1743996778/events_admin/abcgk45swprwdswa02w0.jpg",https://www.klook.com/zh-TW/event-detail/101028747-2025-lesserafim-taipei-concert/
"台北 | Valley台北演唱會2025｜VALLEY : WATER THE FLOWERS, PRAY FOR A GARDEN ASIA TOUR 2025｜Legacy Taipei",付費,HK$ 455,6月11日(週三),"https://res.klook.com/image/upload/x_8,y_0,w_1458,h_2041,c_crop/v1740630547/events_admin/mekgluwp1lqrgkcse3sz.jpg",https://www.klook.com/zh-TW/event-detail/101028735-2025-valley-taipei-concert/
台北 | 2025 YINWAR FAN MEETING <TRUTH OR DARE> IN TAIPEI （Feat. Jack & Joker U Steal My Heart),付費,HK$ 882,5月10日(週六),"https://res.klook.com/image/upload/x_0,y_8,w_1359,h_1903,c_crop/v1740465311/events_admin/lp4lo4hezi8vh1axnifh.jpg",https://www.klook.com/zh-TW/event-detail/102000434-2025-yinwar-fan-meet/
新北 | 【淺淺微風】羅宇成水彩創作展,免費,免費,3月7日(週五) - 4月27日(週日),"https://res.klook.com/image/upload/x_0,y_130,w_1984,h_2778,c_crop/v1740366986/events_admin/wy23gh5w6bqukr1ibepv.jpg",https://www.klook.com/zh-TW/event-detail/101028710-2025-gentle-breeze/
新北 | 【沉浸無限：夢境揭示】達利烏斯．拉斐羅 個展,免費,免費,2月8日(週六) - 4月27日(週日),"https://res.klook.com/image/upload/x_0,y_134,w_2756,h_3858,c_crop/v1739884533/events_admin/fiwjvz1pipzve84jqkzd.jpg",https://www.klook.com/zh-TW/event-detail/101028655-2025-darius-rafaello/
台北 | Insect Park 昆蟲島互動樂園,付費,HK$ 96,4月14日(週一) - 4月30日(週三),https://res.klook.com/image/upload/690x460_w1hqjv.jpg,https://www.klook.com/zh-TW/activity/145303-insect-park/
台北 | 美國高空大馬戲團｜台北小巨蛋,付費,HK$ 192,5月31日(週六) - 6月1日(週日),"https://res.klook.com/image/upload/x_0,y_2,w_326,h_456,c_crop/v1739948956/events_admin/jjjudgfqavgkxhho01st.jpg",https://www.klook.com/zh-TW/event-detail/101028663-2025-daredevil-circus-thrills/
新北 | SB19台北演唱會2025｜SB19 Simula at Wakas World Tour in Taipei｜Zepp New Taipei,付費,價格待公布,6月29日(週日),"https://res.klook.com/image/upload/x_60,y_0,w_1463,h_2048,c_crop/v1739864980/events_admin/adjrkd0b5fyodjz4xqwi.jpg",https://www.klook.com/zh-TW/event-detail/101028640-2025-sb19-taipei-cocnert/
台中 | 《Soft Murmurs 溫柔呢喃》 女性藝術家聯展Female Artists Group Exhibition,免費,免費,3月1日(週六) - 4月20日(週日),"https://res.klook.com/image/upload/x_0,y_3,w_490,h_686,c_crop/v1739854067/events_admin/xrdvhroexdyyamiwryr6.jpg",https://www.klook.com/zh-TW/event-detail/101028635-2025-soft-murmurs-exhibition/
台北 | FEEDER x ELLEGARDEN Sonic Bridges Tour 2025台灣場｜雙團巡演演唱會｜SUB Live House｜北流,付費,HK$ 623,4月20日(週日) - 4月21日(週一),"https://res.klook.com/image/upload/x_0,y_2,w_326,h_456,c_crop/v1739859904/events_admin/a78denphk9nxyblw3yfs.jpg",https://www.klook.com/zh-TW/event-detail/101028634-2025-feeder-ellegarden/
台北 | KISS OF LIFE演唱會2025台北站｜2025 KISS OF LIFE 1st WORLD TOUR [KISS ROAD] in Taipei｜台北國際會議中心 TICC,付費,HK$ 671,4月19日(週六),"https://res.klook.com/image/upload/x_0,y_2,w_326,h_456,c_crop/v1739783503/events_admin/wooc8z5pbopvn2ascsse.jpg",https://www.klook.com/zh-TW/event-detail/101028625-2025-kiss-of-life-taipei-conce/
台北 | 「AIR Taipei 搭。不搭嗎？」｜臺北藝術進駐計畫展覽｜寶藏巖國際藝術村,免費,免費,2024年8月31日(週六) - 2025年8月31日(週日),"https://res.klook.com/image/upload/x_0,y_2,w_326,h_456,c_crop/v1739444943/events_admin/ml0kc7a0fxuyog0dusfi.jpg",https://www.klook.com/zh-TW/event-detail/101028607-2025-air-taipei-exhibition/
台北 | 2025台北電器空調影音3C大展｜台北世貿一館,免費,免費,4月11日(週五) - 4月14日(週一),"https://res.klook.com/image/upload/x_0,y_2,w_326,h_456,c_crop/v1739444436/events_admin/r6n3fnm5qyxaroejn21z.jpg",https://www.klook.com/zh-TW/event-detail/101028606-2025-taipei-appliances-expo/
台北 | 《飛天小女警》快閃店｜R79中山地下書街,免費,免費,2月21日(週五) - 6月8日(週日),"https://res.klook.com/image/upload/x_0,y_2,w_326,h_456,c_crop/v1739439355/events_admin/dylfldo2kdkno7hgz738.jpg",https://www.klook.com/zh-TW/event-detail/101028595-2025-powerpuff-girls-pop-up/
台北 | 2025金馬奇幻影展,付費,價格待公布,4月11日(週五) - 4月20日(週日),"https://res.klook.com/image/upload/x_0,y_17,w_2105,h_2947,c_crop/v1739360132/events_admin/tyfclfheltvzlu4dgujp.jpg",https://www.klook.com/zh-TW/event-detail/101028573-2025-goldenhorse-fantasticfilm/
新北 | Elijah Woods演唱會2025台北站｜Elijah Woods: Give Me The Sunlight｜Zepp New Taipei,付費,HK$ 431,8月12日(週二),"https://res.klook.com/image/upload/x_5,y_0,w_834,h_1167,c_crop/v1739340591/events_admin/v6ibtfdx42gqawl6awr0.jpg",https://www.klook.com/zh-TW/event-detail/101028551-2025-elijah-woods-taipei/
台北 | Tatsuya Kitani台北演唱會2025｜Tatsuya Kitani Asia Tour 2025 in Taipei｜Legacy TERA｜北流,付費,HK$ 671,5月3日(週六),"https://res.klook.com/image/upload/x_0,y_38,w_1408,h_1971,c_crop/v1739333121/events_admin/my9niaovvmbr3aocnlgi.jpg",https://www.klook.com/zh-TW/event-detail/101028550-2025-tatsuya-kitani-taipei/
高雄 | 2025第20屆KKBOX風雲榜｜高雄巨蛋,免費,免費,4月19日(週六),"https://res.klook.com/image/upload/x_0,y_2,w_326,h_456,c_crop/v1739270197/events_admin/jl7bnov2hpzp066gf02k.jpg",https://www.klook.com/zh-TW/event-detail/101028545-2025-kkbox-music-award-taiwan/
新北 | CENTRAL音樂祭2025台北站｜CENTRAL MUSIC & ENTERTAINMENT FESTIVAL 2025 in Taipei｜櫻坂46 x キタニタツヤ x ATARASHII GAKKO!｜Zepp New Taipei,付費,HK$ 527,4月19日(週六),"https://res.klook.com/image/upload/x_459,y_0,w_617,h_864,c_crop/v1739263060/events_admin/rwfhay0ttxhknc5dpyb8.jpg",https://www.klook.com/zh-TW/event-detail/101028538-2025-central-taipei-music-fest/
台北 | 時空蝕：光的間界,免費,免費,2月22日(週六) - 4月20日(週日),"https://res.klook.com/image/upload/x_0,y_8,w_1358,h_1901,c_crop/v1739157457/events_admin/zzxlwnfgeupdaga0mv8o.jpg",https://www.klook.com/zh-TW/event-detail/101028507-2025-chrono-eclipse/
台北 | 鄭興 2025《盆地已經長出了森林》TICC演唱會｜台北國際會議中心,付費,HK$ 287,5月24日(週六),"https://res.klook.com/image/upload/x_0,y_2,w_326,h_456,c_crop/v1739000392/events_admin/sqzam1swyhfrh99akdjp.jpg",https://www.klook.com/zh-TW/event-detail/101028496-2025-xing-zheng-ticc-concert/
台北 | 《水中之屋》,付費,HK$ 287,4月12日(週六) - 4月27日(週日),"https://res.klook.com/image/upload/x_0,y_2,w_326,h_456,c_crop/v1738580190/events_admin/t7b6xdnaobiazakctffj.jpg",https://www.klook.com/zh-TW/event-detail/101028436-2025-tainaner-ensemble-show/
台中 | 台中｜勤美術館開幕展《OUTLINES IN BETWEEN》,付費,HK$ 36,4月15日(週二) - 6月1日(週日),https://res.klook.com/image/upload/1.展演頁面活動首圖_q1xvno.jpg,https://www.klook.com/zh-TW/activity/143525-outlines-in-between/
新北 | Organik Festival 2025 有機音樂祭｜半島秘境,付費,HK$ 479,4月25日(週五) - 4月27日(週日),"https://res.klook.com/image/upload/x_0,y_2,w_326,h_456,c_crop/v1737696936/events_admin/mwduf6sxvvfprhe5o3hz.jpg",https://www.klook.com/zh-TW/event-detail/101028410-2025-organik-festival/
台北 | 九藏喵窩西門町實境解謎《捉咪藏》,付費,HK$ 167,4月14日(週一) - 6月30日(週一),https://res.klook.com/image/upload/LINE_ALBUM_2025.1.10_250115_1_1_xpd57f.jpg,https://www.klook.com/zh-TW/activity/143589-hide-cat/
桃園 | K-FLOW演唱會2025｜K-FLOW3 CONCERT in TAIWAN｜ITZY x aespa x tripleS x SUPER JUNIOR 銀赫 / 利特 (特別MC) ｜林口體育館,付費,HK$ 930,4月25日(週五) - 4月26日(週六),"https://res.klook.com/image/upload/x_0,y_8,w_1241,h_1737,c_crop/v1741771992/events_admin/e41oiqfcw2s72gbhq1xr.jpg",https://www.klook.com/zh-TW/event-detail/101028362-2025-k-flow3-concert-taiwan/
台中 | 《 VIVA LA VIDA - 生命禮讚》- 親愛的我就在你身邊,免費,免費,2月15日(週六) - 4月26日(週六),"https://res.klook.com/image/upload/x_0,y_8,w_1358,h_1901,c_crop/v1737343487/events_admin/y9q3lt7mi9pmslgogzqw.jpg",https://www.klook.com/zh-TW/event-detail/101028335-2025-viva-la-vida-exhibition/
"台北 | BE:FIRST演唱會2025台北站｜BE:FIRST World Tour 2025 ""Who is BE:FIRST?"" in Taipei｜Zepp New Taipei",付費,HK$ 527,5月15日(週四),"https://res.klook.com/image/upload/x_8,y_0,w_1458,h_2041,c_crop/v1737434006/events_admin/thka9wtzzddrxodz2nkc.jpg",https://www.klook.com/zh-TW/event-detail/101028354-2025-befirst-concert-taipei/
台北 | 2025寶藏巖光節「趖 sô」｜寶藏巖國際藝術村 x 煥民新村 x 嘉禾新村,免費,免費,3月22日(週六) - 5月25日(週日),"https://res.klook.com/image/upload/x_60,y_0,w_960,h_1344,c_crop/v1737340507/events_admin/aaumisc4tmjhdni13lzb.jpg",https://www.klook.com/zh-TW/event-detail/101028331-2025-treasure-hill-light-fest/
桃園 | BABYMONSTER台北演唱會2025（加開一場）｜2025 BABYMONSTER 1st WORLD TOUR <HELLO MONSTERS> IN TAIPEI｜林口體育館,付費,HK$ 671,6月28日(週六) - 6月29日(週日),"https://res.klook.com/image/upload/x_574,y_0,w_771,h_1080,c_crop/v1743063603/events_admin/xywlwmrcp9kj3youriv6.jpg",https://www.klook.com/zh-TW/event-detail/101028336-2025-babymonster-taipei/
高雄 | 蕭秉治高雄演唱會2025｜蕭秉治《活著Alive》高雄巨蛋演唱會,付費,HK$ 192,8月23日(週六),"https://res.klook.com/image/upload/x_88,y_0,w_1463,h_2048,c_crop/v1737022478/events_admin/alrcolblybolxyvc1f5t.jpg",https://www.klook.com/zh-TW/event-detail/101028314-2025-xiao-bing-chih-concert/
台北 | 諸神與眾生：眾生｜展覽｜國家攝影文化中心,免費,免費,2月20日(週四) - 6月29日(週日),"https://res.klook.com/image/upload/x_0,y_2,w_326,h_456,c_crop/v1736994356/events_admin/fpzeqxjcge5fpl8mcv8u.jpg",https://www.klook.com/zh-TW/event-detail/101028289-2025-ncpi-exhibition/
台北 | 諸神與眾生：諸神｜展覽｜國家攝影文化中心,免費,免費,1月23日(週四) - 6月4日(週三),"https://res.klook.com/image/upload/x_0,y_2,w_326,h_456,c_crop/v1736912010/events_admin/esbrbs262gqj32lotye9.jpg",https://www.klook.com/zh-TW/event-detail/101028279-2025-ncpi-exhibition/
台北 | No Language,付費,HK$ 24,1月17日(週五) - 5月4日(週日),"https://res.klook.com/image/upload/x_0,y_8,w_1358,h_1901,c_crop/v1736822260/events_admin/swreyvo67et792beeq1l.jpg",https://www.klook.com/zh-TW/event-detail/101028257-2025-no-language-exhibition/
台北 | 伍佰演唱會2025台北站｜國泰世華銀行 伍佰 Wu Bai & China Blue Rock Star 2 世界巡迴演唱會台北站｜台北小巨蛋,付費,HK$ 192,6月13日(週五) - 6月15日(週日),"https://res.klook.com/image/upload/x_0,y_2,w_326,h_456,c_crop/v1740629326/events_admin/cwe5wz3avht5eutxqgwj.jpg",https://www.klook.com/zh-TW/event-detail/101028259-2025-wu-bai-taipei-concert/
高雄 | CNBLUE演唱會2025高雄站（加開一場）｜2025 CNBLUE LIVE – VOYAGE into X IN KAOHSIUNG｜高雄流行音樂中心,付費,HK$ 930,5月24日(週六) - 5月25日(週日),"https://res.klook.com/image/upload/x_0,y_10,w_1448,h_2027,c_crop/v1742372820/events_admin/kjrxiwqkf6nsytnbvriy.jpg",https://www.klook.com/zh-TW/event-detail/101028250-2025-cnblue-concert-kaohsiung/
台北 | NCT WISH演唱會2025台北站｜2025 NCT WISH ASIA TOUR LOG in TAIPEI｜台北流行音樂中心,付費,HK$ 767,5月24日(週六),"https://res.klook.com/image/upload/x_183,y_0,w_914,h_1280,c_crop/v1736747777/events_admin/zawje8pav16uru5zkqte.jpg",https://www.klook.com/zh-TW/event-detail/101028244-2025-nct-wish-concert-taipei/
桃園 | BTS J-HOPE演唱會2025台北站｜j-hope Tour 'HOPE ON THE STAGE' IN TAIPEI｜林口體育館,付費,HK$ 671,5月24日(週六) - 5月25日(週日),"https://res.klook.com/image/upload/x_5,y_0,w_834,h_1167,c_crop/v1740368137/events_admin/pl1sg4jkehdgglnmya90.jpg",https://www.klook.com/zh-TW/event-detail/101028219-2025-bts-j-hope-concert-taipei/
台北 | 《少年Pi的奇幻漂流》劇場版台北場｜國家兩廳院2025廳院選,付費,HK$ 192,7月17日(週四) - 7月27日(週日),"https://res.klook.com/image/upload/x_0,y_0,w_1463,h_2048,c_crop/v1736246577/events_admin/kb30bhthcuaieney0l2j.jpg",https://www.klook.com/zh-TW/event-detail/101028165-2025-life-of-pi-show/
台北 | Penthouse台北演唱會2025｜Penthouse ONE MAN LIVE TOUR 2025 “Midnight Diner” in Taipei｜Legacy TERA,付費,HK$ 527,6月14日(週六),"https://res.klook.com/image/upload/x_62,y_0,w_1021,h_1430,c_crop/v1741080952/events_admin/eilqyippy5c1comsburq.jpg",https://www.klook.com/zh-TW/event-detail/101028113-2025-penthouse-taipei-concert/
台中 | 《火神的眼淚》音樂劇台中場｜故事工廠 x 瘋戲樂工作室｜台中歌劇院,付費,HK$ 192,6月28日(週六),"https://res.klook.com/image/upload/x_293,y_0,w_1463,h_2048,c_crop/v1735814725/events_admin/kts8d2p02tvshijptssi.jpg",https://www.klook.com/zh-TW/event-detail/101028102-2025-tears-on-fire-the-musical/
台南市 | 《火神的眼淚》音樂劇台南場｜故事工廠 x 瘋戲樂工作室｜臺南文化中心,付費,HK$ 192,6月21日(週六),"https://res.klook.com/image/upload/x_293,y_0,w_1463,h_2048,c_crop/v1735814507/events_admin/huxdwoxclyfdty5rwyyc.jpg",https://www.klook.com/zh-TW/event-detail/101028101-2025-tears-on-fire-the-musical/
桃園 | 《火神的眼淚》音樂劇桃園場｜故事工廠 x 瘋戲樂工作室｜桃園展演中心,付費,HK$ 192,6月14日(週六),"https://res.klook.com/image/upload/x_293,y_0,w_1463,h_2048,c_crop/v1735814298/events_admin/n8e12gg7vo6kdzqu4rlz.jpg",https://www.klook.com/zh-TW/event-detail/101028099-2025-tears-on-fire-the-musical/
高雄 | 《火神的眼淚》音樂劇高雄場｜故事工廠 x 瘋戲樂工作室｜衛武營,付費,HK$ 192,5月24日(週六),"https://res.klook.com/image/upload/x_293,y_0,w_1463,h_2048,c_crop/v1735814018/events_admin/fdukrx7epgds89vv7v12.jpg",https://www.klook.com/zh-TW/event-detail/101028098-2025-tears-on-fire-the-musical/
台北 | 《火神的眼淚》音樂劇台北場｜故事工廠 x 瘋戲樂工作室｜北藝中心,付費,HK$ 192,4月27日(週日) - 5月4日(週日),"https://res.klook.com/image/upload/x_293,y_0,w_1463,h_2048,c_crop/v1735813811/events_admin/thiz738kogcbyjqlvt4p.jpg",https://www.klook.com/zh-TW/event-detail/101028097-2025-tears-on-fire-the-musical/
台北 | 英國國家芭蕾舞團 X 阿喀郎．汗《吉賽兒》｜2025台灣國際藝術節TIFA｜國家兩廳院,付費,HK$ 287,5月8日(週四) - 5月11日(週日),"https://res.klook.com/image/upload/x_0,y_43,w_1401,h_1961,c_crop/v1735290059/events_admin/aeoyzmnmddvabtgaydzk.jpg",https://www.klook.com/zh-TW/event-detail/101028040-2025-tifa-giselle-ballet/
台中 | 2025 NTT Arts NOVA 英國國家芭蕾舞團╳阿喀郎．汗《吉賽兒》,付費,HK$ 120,5月24日(週六) - 5月25日(週日),"https://res.klook.com/image/upload/x_0,y_0,w_300,h_420,c_crop/v1734952843/events_admin/xrcv8fpq5mvfriju16xx.jpg",https://www.klook.com/zh-TW/event-detail/101027984-2025-ntt-arts-nova-giselle/
台中 | 2025 NTT Arts NOVA 義大利新媒體劇場fuse*《靈魂》,付費,HK$ 168,4月26日(週六) - 4月27日(週日),"https://res.klook.com/image/upload/x_0,y_0,w_300,h_420,c_crop/v1734952391/events_admin/iro3od9j6tu9z5bigabq.jpg",https://www.klook.com/zh-TW/event-detail/101027983-2025-ntt-arts-nova-fuse-sal/
台中 | 2025 NTT Arts NOVA史蒂芬妮．雷克舞團《舞動狂響》,付費,HK$ 120,5月10日(週六) - 5月11日(週日),"https://res.klook.com/image/upload/x_0,y_0,w_300,h_420,c_crop/v1734951998/events_admin/hcgdxcyegpso3xhs48bn.jpg",https://www.klook.com/zh-TW/event-detail/101027982-2025-ntt-arts-nova-manifesto/
台中 | 2025 NTT Arts NOVA明和電機✕江戶未來世✕超維度《新世紀浮世繪》,付費,HK$ 120,5月10日(週六) - 5月11日(週日),"https://res.klook.com/image/upload/x_0,y_0,w_300,h_420,c_crop/v1734950836/events_admin/zoxlqa2qsmoszfrytvx1.jpg",https://www.klook.com/zh-TW/event-detail/101027980-2025-new-century-of-ukiyo-e/
台中 | 2025 NTT Arts NOVA 河床劇團╳PHI工作室╳歐納西斯文化《之間》,付費,HK$ 192,5月30日(週五) - 6月8日(週日),"https://res.klook.com/image/upload/x_0,y_0,w_300,h_420,c_crop/v1734950427/events_admin/ttitauxyurz401xddlfz.jpg",https://www.klook.com/zh-TW/event-detail/101027979-2025-ntt-arts-nova-blur/
台中 | 2025 NTT Arts NOVA狠劇場《自由遊戲—XR身體音樂計畫》,付費,HK$ 192,5月2日(週五) - 5月4日(週日),"https://res.klook.com/image/upload/x_0,y_0,w_300,h_420,c_crop/v1734949971/events_admin/z04hj8kamrvdemd1l95g.jpg",https://www.klook.com/zh-TW/event-detail/101027978-2025-8-degrees-of-freedom/
台中 | 2025 NTT Arts NOVA—音樂說故事劇場《湖底之鬼》,付費,HK$ 72,5月3日(週六) - 5月4日(週日),"https://res.klook.com/image/upload/x_38,y_0,w_554,h_775,c_crop/v1734949631/events_admin/zqpo3pccddanu0pbahxo.jpg",https://www.klook.com/zh-TW/event-detail/101027977-2025-ntt-storytelling-concert/
台中 | 2025 NTT Arts NOVA 新藝計畫 熊世翔╳洪翊博《日夜顛倒的唐吉訶德》,付費,HK$ 144,4月19日(週六) - 4月20日(週日),"https://res.klook.com/image/upload/x_0,y_0,w_300,h_420,c_crop/v1734949186/events_admin/x3pjt1p6rvqbb2ivuxnr.jpg",https://www.klook.com/zh-TW/event-detail/101027976-2025-ntt-arts-nova-show/
台北 | 大衛．吉塞森《給你的最後一封情書》｜劇場演出｜2025台灣國際藝術節TIFA｜國家兩廳院,付費,HK$ 383,4月29日(週二) - 5月4日(週日),"https://res.klook.com/image/upload/x_0,y_0,w_1463,h_2048,c_crop/v1734678022/events_admin/j00lg91nrfl1pl8frwkz.jpg",https://www.klook.com/zh-TW/event-detail/101027952-2025-david-geselson-doreen/
台北 | 菲利普．肯恩《人間樂園》｜戲劇 x 音樂 x 肢體表演｜2025台灣國際藝術節TIFA｜國家兩廳院,付費,HK$ 144,4月18日(週五) - 4月20日(週日),"https://res.klook.com/image/upload/x_0,y_12,w_1446,h_2024,c_crop/v1734603258/events_admin/kdf8ypi8rpdvuaoarbzc.jpg",https://www.klook.com/zh-TW/event-detail/101027942-2025-the-garden-of-delights/
高雄 | 2025江蕙演唱會高雄場｜高雄巨蛋,付費,HK$ 192,7月11日(週五) - 7月26日(週六),"https://res.klook.com/image/upload/x_0,y_42,w_1369,h_1917,c_crop/v1734498687/events_admin/prggwbh7hftiuyfueetu.jpg",https://www.klook.com/zh-TW/event-detail/101027913-2025-jodychiang-kaohsiung/
台北 | 2025江蕙演唱會台北場｜台北小巨蛋,付費,HK$ 192,8月8日(週五) - 9月1日(週一),"https://res.klook.com/image/upload/x_0,y_42,w_1369,h_1917,c_crop/v1734498311/events_admin/juac9hykfbydme7ecm5e.jpg",https://www.klook.com/zh-TW/event-detail/101027912-2025-jodychiang-concert-taipei/
桃園 | NMIXX演唱會2025台北站｜NMIXX 2ND FAN CONCERT TOUR <NMIXX CHANGE UP : MIXX LAB> IN TAIPEI｜林口體育館,付費,HK$ 930,4月19日(週六) - 4月20日(週日),"https://res.klook.com/image/upload/x_58,y_0,w_964,h_1350,c_crop/v1738740949/events_admin/cwiadk1rxatwq71kkuev.jpg",https://www.klook.com/zh-TW/event-detail/101027903-2025-nmixx-taipei-concert/
新北 | DIR EN GREY演唱會2025台北站｜DIR EN GREY「TOUR25 WHO IS THIS HELL FOR?」LIVE IN TAIPEI｜Zepp New Taipei,付費,HK$ 671,5月10日(週六),"https://res.klook.com/image/upload/x_0,y_10,w_1448,h_2027,c_crop/v1734417037/events_admin/d73tqwtfdmfpclanghav.jpg",https://www.klook.com/zh-TW/event-detail/101027891-2025-dir-en-grey-taipei/
高雄 | 高雄駁二｜have a____dream【門票】,付費,HK$ 11,4月14日(週一) - 5月18日(週日),https://res.klook.com/image/upload/KLOOK_dream_326x460_展演頁面活動首圖_lu5iyg.jpg,https://www.klook.com/zh-TW/activity/140498-have-a-dream/
屏東縣 | 奈良美智特展2025屏東｜奈良美智特展「跟著朦朧潮濕的一天去屏東」｜屏東美術館,免費,免費,2024年12月20日(週五) - 2025年5月25日(週日),"https://res.klook.com/image/upload/x_0,y_2,w_326,h_456,c_crop/v1734072933/events_admin/liblb5kxxwtenzrowlju.jpg",https://www.klook.com/zh-TW/event-detail/101027868-2025-yoshitomo-nara-pingtung/
高雄 | 音樂劇《悲慘世界》40周年紀念版音樂會世界巡演｜高雄場｜衛武營,付費,HK$ 307,7月10日(週四) - 7月27日(週日),"https://res.klook.com/image/upload/x_0,y_55,w_1369,h_1917,c_crop/v1734071235/events_admin/l5mdtdo2w1yj8dnka2e7.jpg",https://www.klook.com/zh-TW/event-detail/101027867-2025-les-miserables-concert/
台北 | 音樂劇《悲慘世界》40周年紀念版音樂會世界巡演｜台北場｜國家兩廳院,付費,HK$ 307,6月12日(週四) - 7月6日(週日),"https://res.klook.com/image/upload/x_0,y_55,w_1369,h_1917,c_crop/v1734070763/events_admin/vm2cajomrfkl2xwmp8jl.jpg",https://www.klook.com/zh-TW/event-detail/101027866-2025-les-miserables-concert/
台北 | 2025台灣國際藝術節 TIFA｜國家兩廳院,付費,價格待公布,2月21日(週五) - 5月18日(週日),"https://res.klook.com/image/upload/x_0,y_2,w_326,h_456,c_crop/v1733478335/events_admin/fddytkxd9avs0gcpfxfz.jpg",https://www.klook.com/zh-TW/event-detail/101027782-2025-tifa/
台北 | Gracie Abrams葛蕾西演唱會2025台北站｜Gracie Abrams: The Secret of Us Tour in Taipei｜台北國際會議中心,付費,HK$ 551,4月17日(週四),"https://res.klook.com/image/upload/x_5,y_0,w_834,h_1167,c_crop/v1733199101/events_admin/u57jzkdd2ubbzkubckt1.jpg",https://www.klook.com/zh-TW/event-detail/101027695-2025-gracie-abrams-concert-tpe/
高雄 | 柯南路跑｜2025《名偵探柯南》解謎路跑高雄場｜夢時代購物中心,付費,HK$ 307,4月26日(週六),"https://res.klook.com/image/upload/x_0,y_2,w_326,h_456,c_crop/v1733133527/events_admin/m7p2djeqmgnqs5bx19xb.jpg",https://www.klook.com/zh-TW/event-detail/101027677-2025-conan-kaohsiung-run/
屏東縣 | 墾丁悠活渡假村星空夜秀,付費,HK$ 67,4月14日(週一) - 12月31日(週三),https://res.klook.com/image/upload/截圖_2024-11-21_上午9.54.58_atex64.png,https://www.klook.com/zh-TW/activity/114314-night-show-at-yoho-beach-resort/
台北 | 台北展覽｜草間彌生的軌跡與奇跡 W Collection & More 1951-2005,付費,HK$ 91,4月15日(週二) - 5月4日(週日),https://res.klook.com/image/upload/5_Klook_展演頁面活動首圖_326x460px_1_srkefc.jpg,https://www.klook.com/zh-TW/activity/134423-kusama-yayoi-1951-2005-from-w-collection-and-more/
台北 | JJ 林俊傑演唱會2025台北站｜JJ 林俊傑 JJ20 FINAL LAP世界巡迴演唱會台北站｜台北大巨蛋,付費,HK$ 307,6月7日(週六) - 6月8日(週日),"https://res.klook.com/image/upload/x_0,y_2,w_326,h_456,c_crop/v1741927246/events_admin/tvwajtm5qssstvnfbxn5.jpg",https://www.klook.com/zh-TW/event-detail/101027267-2025-jj-lin-concert-taipei/
台北 | 反覆演練Re-her-sal：預演,免費,免費,2024年10月19日(週六) - 2025年12月15日(週一),"https://res.klook.com/image/upload/x_0,y_7,w_1360,h_1904,c_crop/v1729046669/events_admin/psabato73pwlvkasbzry.jpg",https://www.klook.com/zh-TW/event-detail/101026874-2024-re-her-sal-exhibition/
"台北 | Techno Temple: NEGITIV (BCB, DE)",付費,HK$ 239,4月19日(週六),https://res.klook.com/image/upload/Klook_1_Vertical_Small_326X460_10_ygs6yy.png,https://www.klook.com/zh-TW/activity/133551-techno-temple/
台北 | Art Aquarium(金魚藝術展) in Taipei,付費,HK$ 48,4月14日(週一) - 5月31日(週六),https://res.klook.com/image/upload/326mm_460mm_o1y6uo.png,https://www.klook.com/zh-TW/activity/132339-art-aquarium-in-taipei/
台北 | 當自由盛開成舞｜忠泰美術館2024奧夫塞計畫｜曾令理 x 偶然設計,免費,免費,2024年8月31日(週六) - 2025年8月31日(週日),"https://res.klook.com/image/upload/x_5,y_0,w_321,h_450,c_crop/v1725331514/events_admin/hqzdrk9nqrg01vhbh485.jpg",https://www.klook.com/zh-TW/event-detail/101026257-2024-freedom-blooms-into-dance/
高雄 | 藍寶石大歌廳《秀場傳奇》故事展｜高雄流行音樂中心,付費,HK$ 40,4月16日(週三) - 12月31日(週三),https://res.klook.com/image/upload/0806_藍寶石故事展_326x460_dk8n5p.png,https://www.klook.com/zh-TW/activity/121910-sapphire-hall-legendary-show-story-exhibition/
台南市 | 台南奇美博物館門票,付費,HK$ 48,4月14日(週一) - 10月10日(週五),https://res.klook.com/image/upload/截圖_2024-07-03_下午8.42.29_xjbzp3.png,https://www.klook.com/zh-TW/activity/8875-chimei-museum-permanent-exhibition-ticket-tainan/
高雄 | 高雄市立美術館門票,付費,HK$ 21,4月14日(週一) - 10月10日(週五),https://res.klook.com/image/upload/20240613_豐趣_banner_326X460_ca6b5a.jpg,https://www.klook.com/zh-TW/activity/117472-kaohsiung-museum-of-fine-art-ticket/
台北 | 幻隱光靈：屍禁,付費,HK$ 527,4月14日(週一) - 4月30日(週三),https://res.klook.com/image/upload/截圖_2024-10-20_下午5.08.10_futp3h.png,https://www.klook.com/zh-TW/activity/119464-goblet-of-soul-forbidden-zone/
台北 | 幻隱光靈：仙蹤,付費,HK$ 60,4月14日(週一) - 6月30日(週一),https://res.klook.com/image/upload/展演頁面活動首圖-仙蹤_326x460_x3gc83.jpg,https://www.klook.com/zh-TW/activity/119455-goblet-of-soul-wonderland/
台中 | 美洲瘋馬大馬戲團＆魔術泡泡歡樂世界＆后里馬場門票,付費,HK$ 67,4月14日(週一) - 5月31日(週六),https://res.klook.com/image/upload/后里馬戲團part2_klook_326x460_直式_fp7eaf.png,https://www.klook.com/zh-TW/activity/118121-crazy-horse-park-circus/
台中 | 2025兒童夜訪歌劇院【3月、4月】,付費,HK$ 156,3月28日(週五) - 4月18日(週五),"https://res.klook.com/image/upload/x_650,y_0,w_1429,h_2001,c_crop/v1741090883/events_admin/gxthsoe6476phfmz8opp.jpg",https://www.klook.com/zh-TW/event-detail/101024757-2024-ntt-children-night-visit/
高雄 | teamLab共創！未來園 高雄,付費,HK$ 93,6月7日(週六) - 10月12日(週日),https://res.klook.com/image/upload/klook_全啟_326x460_wtl7bg.jpg,https://www.klook.com/zh-TW/activity/115951-teamlab-future-park/
台北 | 親子音樂劇《阿甯咕又闖禍了YA~》(售票中),付費,HK$ 144,5月24日(週六) - 5月26日(週一),"https://res.klook.com/image/upload/x_0,y_2,w_326,h_456,c_crop/v1742880494/events_admin/t5sdyq17dyilngqh05ml.jpg",https://www.klook.com/zh-TW/event-detail/101023975-2024-a-nee-gu-musical/
高雄 | IMVER Museum,付費,HK$ 45,2025年4月14日(週一) - 2026年3月9日(週一),https://res.klook.com/image/upload/KLOOK網頁banner_工作區域_1_0_qmdcee.jpg,https://www.klook.com/zh-TW/activity/107336-future-ai/
宜蘭縣 | 2025 宜蘭綠色博覽會,付費,HK$ 36,4月14日(週一) - 5月11日(週日),https://res.klook.com/image/upload/KLOOK_展演頁面活動首圖_326x460_直式_rqpf00.jpg,https://www.klook.com/zh-TW/activity/109959-yilan-green-expo/
高雄 | POP! POP! POP! 流行音樂互動展｜高雄流行音樂中心,付費,HK$ 24,4月14日(週一) - 10月10日(週五),https://res.klook.com/image/upload/常設展klook_326x460_frshdr.png,https://www.klook.com/zh-TW/activity/87496-pop-pop-pop-an-interactive-journey/
台北 | 愛手創日本手作祭 第七回 百職日行,付費,HK$ 47,6月13日(週五) - 6月15日(週日),https://res.klook.com/image/upload/日本祭_Klook網路用圖_活動首圖326x460px_moa095.jpg,https://www.klook.com/zh-TW/activity/87261-ishands-international-craft-design-festival/
台南市 | 台南永樂町鼓茶樓：Live 秀門票,付費,HK$ 117,2025年4月19日(週六) - 2026年4月5日(週日),https://res.klook.com/image/upload/0B26199B-A1AA-4998-88E6-3A098F9F50B0_1_201_a_lsrplq.jpg,https://www.klook.com/zh-TW/activity/28945-eirakucho-drum-tea-house-show-ticket-meal/
高雄 | 探索衛武營國家藝術文化中心,付費,HK$ 36,4月14日(週一) - 10月10日(週五),https://res.klook.com/image/upload/fotor_2023-3-14_14_23_55_fokxt9.png,https://www.klook.com/zh-TW/activity/83320-weiwuying-concert-hall-ticket-kaohsiung/
台北 | Voices X Photo ONE 2025,付費,HK$ 84,5月8日(週四) - 5月12日(週一),https://res.klook.com/image/upload/展演頁面活動首圖-800_1066_kejgb8.jpg,https://www.klook.com/zh-TW/activity/77617-voices-x-photo-one-2025/
台北 | 跨‧交‧通：從「大阪商船株式會社臺北支店」到「國家攝影文化中心臺北館」｜常設展出｜國家攝影文化中心,免費,免費,2021年3月25日(週四) - 2025年12月31日(週三),"https://res.klook.com/image/upload/x_1,y_0,w_521,h_729,c_crop/v1663316124/events_admin/tuxbnwbu2irzgokks6hu.jpg",https://www.klook.com/zh-TW/event-detail/101009551-2022-trans-communication/
台北 | 2025 SPACEPORT 太空港音樂藝術嘉年華｜大佳河濱公園,付費,HK$ 791,5月17日(週六) - 5月18日(週日),"https://res.klook.com/image/upload/x_0,y_5,w_850,h_1190,c_crop/v1742480613/events_admin/npln5g8jtvmkjrojwkpy.jpg",https://www.klook.com/zh-TW/event-detail/101008654-2022-spaceport/
台北 | 唱 我們的歌   流行音樂故事展｜門票｜臺北流行音樂中心,付費,HK$ 42,4月14日(週一) - 10月10日(週五),https://res.klook.com/image/upload/展演頁面活動首圖_qqmx1m.jpg,https://www.klook.com/zh-TW/activity/70429-music-island-stories-pop-music-in-taiwan-taipei/
新竹 | 2025 風神音樂祭2.0【全家紙票入場】,付費,HK$ 287,6月28日(週六) - 6月29日(週日),"https://res.klook.com/image/upload/x_235,y_0,w_3571,h_5000,c_crop/v1743066676/events_admin/gvdf8jmpb6uxvoo2hidg.jpg",https://www.klook.com/zh-TW/event-detail/102000258-wind-top-fest/
